Filename,Qubits,TotalRuntime(s)
ghz_n2.qasm,2,0.638796
ghz_n3.qasm,3,0.00236354
ghz_n4.qasm,4,0.0025518
ghz_n5.qasm,5,0.00279651
ghz_n6.qasm,6,0.00302223
ghz_n7.qasm,7,0.00325999
ghz_n8.qasm,8,0.00348907
ghz_n9.qasm,9,0.00371071
ghz_n10.qasm,10,0.0039608
ghz_n11.qasm,11,0.00420544
ghz_n12.qasm,12,0.00443347
ghz_n13.qasm,13,0.00466904
ghz_n14.qasm,14,0.00491335
ghz_n15.qasm,15,0.00515713
ghz_n16.qasm,16,0.00538519
ghz_n17.qasm,17,0.00563222
ghz_n18.qasm,18,0.00585836
ghz_n19.qasm,19,0.00611755
ghz_n20.qasm,20,0.00634416
ghz_n21.qasm,21,0.00659067
ghz_n22.qasm,22,0.00681978
ghz_n23.qasm,23,0.00706196
ghz_n24.qasm,24,0.00730215
ghz_n25.qasm,25,0.0075439
ghz_n26.qasm,26,0.00778838
ghz_n27.qasm,27,0.00802453
ghz_n28.qasm,28,0.00824836
ghz_n29.qasm,29,0.00850628
ghz_n30.qasm,30,0.0087432
ghz_n31.qasm,31,0.00903082
ghz_n32.qasm,32,0.00922381
ghz_n33.qasm,33,0.00948216
ghz_n34.qasm,34,0.00970665
ghz_n35.qasm,35,0.00993875
ghz_n36.qasm,36,0.0101801
ghz_n37.qasm,37,0.0104314
ghz_n38.qasm,38,0.0106548
ghz_n39.qasm,39,0.0108877
ghz_n40.qasm,40,0.0113514
